
<data>
    <client>
        <Id_Client>1</Id_Client>
        <HTT_TVA>100,5|0,19</HTT_TVA>
        <MetaData>
            {"MetaTransaction":[{"Ville":"Paris","Date_End_contrat":"2020-12-23 00:00:00"},
            {"TypeProd":"Laitier","produit":["yaourt","laitcoco"]}]}
        </MetaData>
    </client>
    <client>
        <Id_Client>2</Id_Client>
        <HTT_TVA>120,546|0,20</HTT_TVA>
        <MetaData>
            {"MetaTransaction":[{"Ville":"Alger","Date_End_contrat":"2023-12-23 00:00:00"},
            {"TypeProd":"Boison","produit":["coca","fanta"]}]}
        </MetaData>
    </client>
    <client>
        <Id_Client>3</Id_Client>
        <HTT_TVA>123,6|0,201</HTT_TVA>
        <MetaData>
            {"MetaTransaction":[{"Ville":"Dakar","Date_End_contrat":"2020-12-23 00:00:00"},
            {"TypeProd":"Laitier","produit":["yaourt"]}]}
        </MetaData>
    </client>
    <client>
        <Id_Client>4</Id_Client>
        <HTT_TVA>5,546|0,15</HTT_TVA>
        <MetaData>
            {"MetaTransaction":[{"Ville":"Abidjan","Date_End_contrat":"2024-12-23 00:00:00"},
            {"TypeProd":"Laitier","produit":["laitcoco"]}]}
        </MetaData>
    </client>
</data>